<beans xmlns="http://www.springframework.org/schema/beans"
	xmlns:context="http://www.springframework.org/schema/context"
	xmlns:mvc="http://www.springframework.org/schema/mvc" 
	xmlns:xsi="http://www.w3.org/2001/XMLSchema-instance"
	xsi:schemaLocation="
        http://www.springframework.org/schema/beans     
        http://www.springframework.org/schema/beans/spring-beans-3.0.xsd
        http://www.springframework.org/schema/context 
        http://www.springframework.org/schema/context/spring-context-3.0.xsd
        http://www.springframework.org/schema/mvc
        http://www.springframework.org/schema/mvc/spring-mvc-3.0.xsd">
        
        <context:component-scan base-package="com.psl.emp.controller">
        </context:component-scan>
        
        <bean id="dao" class="com.psl.emp.dao.EmployeeDaoImpl">
		</bean>
		<bean id="service" class="com.psl.emp.service.EmployeeServiceImpl">
		</bean>
        <bean class="org.springframework.web.servlet.view.InternalResourceViewResolver">    
			<property name="prefix" value="/WEB-INF/view/"></property>    
			<property name="suffix" value=".jsp"></property>    
		</bean>    
		
		
		
</beans>